{
    "model": {
        "name": "GradientBoostingClassifier",
        "library": "scikit-learn",
        "verson": "1.0.2",
        "trained_at": "2026-01-01T02:45:48.632625+00:00",
        "n_estimators": 100,
        "learning_rate": 0.1,
        "max_depth": 5,
        "test_size": 0.2
    },
    "hyperparameters": {
        "ccp_alpha": 0.0,
        "criterion": "friedman_mse",
        "init": null,
        "learning_rate": 0.1,
        "loss": "log_loss",
        "max_depth": 5,
        "max_features": null,
        "max_leaf_nodes": null,
        "min_impurity_decrease": 0.0,
        "min_samples_leaf": 1,
        "min_samples_split": 2,
        "min_weight_fraction_leaf": 0.0,
        "n_estimators": 100,
        "n_iter_no_change": null,
        "random_state": 17,
        "subsample": 1.0,
        "tol": 0.0001,
        "validation_fraction": 0.1,
        "verbose": 0,
        "warm_start": false
    },
    "metrics": {
        "accuracy": 0.7300131061598951,
        "precision": 0.7432864450127877,
        "recall": 0.6886848341232228,
        "f1": 0.7149446494464945,
        "roc_auc": 0.796469007220327,
        "kfold": [
            0.7266319338032485,
            0.7295433650015324,
            0.7301562978853815,
            0.7301562978853815,
            0.726325467361324,
            0.7373582592706098,
            0.7323015629788538,
            0.737971192154459,
            0.7323015629788538,
            0.727816091954023
        ]
    },
    "training": {
        "train_loss_per_iteration": [
            1.3345057324056389,
            1.2923282816376434,
            1.257668871698388,
            1.228762915319122,
            1.2049083230549262,
            1.1847828491373176,
            1.1679151749172512,
            1.1536335605366836,
            1.1416752949474014,
            1.1314855017958885,
            1.1229395081305609,
            1.1155805593899444,
            1.109264850503022,
            1.1038203848080195,
            1.0991956953451656,
            1.0952398058947548,
            1.091661521860145,
            1.0885871844015345,
            1.0858592095432853,
            1.0834989164548023,
            1.0813682038136978,
            1.0795023022422892,
            1.0778457336193132,
            1.0764511306044335,
            1.075107432219559,
            1.0738130916141733,
            1.0726744570082285,
            1.0715665231818616,
            1.0704920398898043,
            1.069660962180715,
            1.0686977988788282,
            1.0678568637028039,
            1.06701625940638,
            1.066272766686335,
            1.0655106113484991,
            1.0649509002119488,
            1.0642135912404955,
            1.0636896821188007,
            1.0631727246315401,
            1.0627279153597786,
            1.0621649170920615,
            1.0617241714576888,
            1.061235700420407,
            1.0608024517391106,
            1.0603502105978124,
            1.059671508312562,
            1.0592879801645811,
            1.0589057254478427,
            1.0583280911789008,
            1.0577609408853117,
            1.057188082476948,
            1.0566845800158515,
            1.0562600884521776,
            1.0559220322899905,
            1.0554947086856654,
            1.055019888878171,
            1.0547084388530203,
            1.0545560684174171,
            1.0541906337149003,
            1.0537601645038683,
            1.0534188305606842,
            1.052965865689814,
            1.0525796309563962,
            1.0521688521794808,
            1.0520498372711242,
            1.0517081404234485,
            1.0513543419171267,
            1.050904647862102,
            1.0505330127143695,
            1.050072774127265,
            1.049992624815704,
            1.0496760483879497,
            1.0495917507158141,
            1.0493634956752522,
            1.04891646413492,
            1.0484659975293011,
            1.0480208790689358,
            1.0479511185340538,
            1.0478475821982807,
            1.0475067144894386,
            1.0474228437523023,
            1.0470984573683066,
            1.0467574823956125,
            1.0462529998393748,
            1.0458842812697173,
            1.0454677057019781,
            1.0452486967142811,
            1.0449089200135309,
            1.044823506475169,
            1.0446619922849367,
            1.044595309358964,
            1.0442307023967505,
            1.043868314157008,
            1.0436104426422568,
            1.0435149216883342,
            1.0434526709300298,
            1.0430989302430338,
            1.043051389499761,
            1.0427267725192984,
            1.0425127853280103
        ],
        "n_iterations": 100
    },
    "features": {
        "names": [
            "age",
            "gender",
            "height",
            "weight",
            "ap_hi",
            "ap_lo",
            "cholesterol",
            "gluc",
            "smoke",
            "alco",
            "active",
            "bmi",
            "pulse_pressure",
            "high_bp"
        ],
        "importances": [
            0.12823166911700426,
            0.0015736940525574305,
            0.011609839543312477,
            0.019170441085705085,
            0.6950164660944446,
            0.009014153797898076,
            0.071800607680543,
            0.00758379624598984,
            0.004589646200072093,
            0.0026448785214857216,
            0.008248637511034801,
            0.03187734205964308,
            0.008090823393776625,
            0.0005480046965329904
        ]
    },
    "data": {
        "total_size": 68666,
        "train_size": 54932,
        "test_size": 13734,
        "n_features": 14
    },
    "predictions_sample": {
        "y_true": [
            1,
            1,
            0,
            1,
            1,
            1,
            1,
            0,
            0,
            1,
            1,
            0,
            1,
            0,
            1,
            0,
            0,
            0,
            0,
            0,
            1,
            0,
            0,
            0,
            0,
            0,
            0,
            0,
            0,
            0,
            0,
            1,
            1,
            0,
            1,
            0,
            1,
            1,
            0,
            0,
            1,
            1,
            0,
            1,
            1,
            1,
            1,
            1,
            0,
            1
        ],
        "y_pred": [
            1,
            1,
            0,
            1,
            0,
            1,
            1,
            0,
            0,
            0,
            1,
            0,
            1,
            0,
            1,
            0,
            0,
            1,
            0,
            0,
            0,
            0,
            0,
            0,
            0,
            0,
            0,
            1,
            0,
            0,
            0,
            1,
            0,
            0,
            1,
            1,
            0,
            1,
            0,
            0,
            0,
            1,
            0,
            1,
            0,
            1,
            1,
            1,
            0,
            1
        ]
    }
}